{
  "project_info": {
    "project_number": "424835200058",
    "firebase_url": "https://kisanmadad-8e084-default-rtdb.firebaseio.com",
    "project_id": "kisanmadad-8e084",
    "storage_bucket": "kisanmadad-8e084.appspot.com"
  },
  "client": [
    {
      "client_info": {
        "mobilesdk_app_id": "1:424835200058:android:585d6ef2dc371699223103",
        "android_client_info": {
          "package_name": "com.vitus.intelkisanmadad"
        }
      },
      "oauth_client": [],
      "api_key": [
        {
          "current_key": "AIzaSyDSH33NtG21KzSBNVqjDdil41qZ6DqYagA"
        }
      ],
      "services": {
        "appinvite_service": {
          "other_platform_oauth_client": []
        }
      }
    },
    {
      "client_info": {
        "mobilesdk_app_id": "1:424835200058:android:2f0b80011aea0e6d223103",
        "android_client_info": {
          "package_name": "com.vitus.kisanmadad"
        }
      },
      "oauth_client": [],
      "api_key": [
        {
          "current_key": "AIzaSyDSH33NtG21KzSBNVqjDdil41qZ6DqYagA"
        }
      ],
      "services": {
        "appinvite_service": {
          "other_platform_oauth_client": []
        }
      }
    }
  ],
  "configuration_version": "1"
}